category,avg_weekly_demand,demand_std,lead_time_demand,safety_stock,recommended_purchase_units
22K,152.51612903225808,19.931333736509686,305.03225806451616,46.508818102488085,352.0
24K,113.61290322580645,15.452459177220165,227.2258064516129,36.057577611728235,263.0
COINS,126.80645161290323,8.58067345779149,253.61290322580646,20.022592884200883,274.0
DIAMONDS,65.16129032258064,3.088654228986559,130.32258064516128,7.207227555187781,138.0
